USE madness;

-- test data

INSERT INTO Team(teamID, name) VALUES (1, 'Duke');
INSERT INTO Team(teamID, name) VALUES (2, 'Alabama');
INSERT INTO Team(teamID, name) VALUES (3, 'Pittsburgh');
INSERT INTO Team(teamID, name) VALUES (4, 'USC');
INSERT INTO Team(teamID, name) VALUES (5, 'Indiana');
INSERT INTO Team(teamID, name) VALUES (6, 'California');
INSERT INTO Team(teamID, name) VALUES (7, 'Okla. St.');
INSERT INTO Team(teamID, name) VALUES (8, 'Notre Dame');
INSERT INTO Team(teamID, name) VALUES (9, 'Charlotte');
INSERT INTO Team(teamID, name) VALUES (10,'Kent State');
INSERT INTO Team(teamID, name) VALUES (11,'Quakers');
INSERT INTO Team(teamID, name) VALUES (12,'Utah');
INSERT INTO Team(teamID, name) VALUES (13,'UNCW');
INSERT INTO Team(teamID, name) VALUES (14,'Cent. Conn');
INSERT INTO Team(teamID, name) VALUES (15,'Fla. Atlantic');
INSERT INTO Team(teamID, name) VALUES (16,'Winthrop');
INSERT INTO Team(teamID, name) VALUES (17,'Cincinnati');
INSERT INTO Team(teamID, name) VALUES (18,'Oklahoma');
INSERT INTO Team(teamID, name) VALUES (19,'Arizona');
INSERT INTO Team(teamID, name) VALUES (20,'Ohio St.');
INSERT INTO Team(teamID, name) VALUES (21,'Miami (Fl)');
INSERT INTO Team(teamID, name) VALUES (22,'Gozanga');
INSERT INTO Team(teamID, name) VALUES (23,'Xavier');
INSERT INTO Team(teamID, name) VALUES (24,'UCLA');
INSERT INTO Team(teamID, name) VALUES (25,'Ole Miss');
INSERT INTO Team(teamID, name) VALUES (26,'Hawaii');
INSERT INTO Team(teamID, name) VALUES (27,'Wyoming');
INSERT INTO Team(teamID, name) VALUES (28,'Missouri');
INSERT INTO Team(teamID, name) VALUES (29,'Davidson');
INSERT INTO Team(teamID, name) VALUES (30,'UCSB');
INSERT INTO Team(teamID, name) VALUES (31,'Ill. Chicago');
INSERT INTO Team(teamID, name) VALUES (32,'Boston U.');
INSERT INTO Team(teamID, name) VALUES (33,'Maryland');
INSERT INTO Team(teamID, name) VALUES (34,'UConn');
INSERT INTO Team(teamID, name) VALUES (35,'Georgia');
INSERT INTO Team(teamID, name) VALUES (36,'Kentucky');
INSERT INTO Team(teamID, name) VALUES (37,'Marquette');
INSERT INTO Team(teamID, name) VALUES (38,'Texas Tech');
INSERT INTO Team(teamID, name) VALUES (39,'N.C. State');
INSERT INTO Team(teamID, name) VALUES (40,'Wisconsin');
INSERT INTO Team(teamID, name) VALUES (41,'St. Johns');
INSERT INTO Team(teamID, name) VALUES (42,'Michigan St.');
INSERT INTO Team(teamID, name) VALUES (43,'So Illinois');
INSERT INTO Team(teamID, name) VALUES (44,'Tulsa');
INSERT INTO Team(teamID, name) VALUES (45,'Valpo');
INSERT INTO Team(teamID, name) VALUES (46,'Wisc. Milwaukee');
INSERT INTO Team(teamID, name) VALUES (47,'Hampton');
INSERT INTO Team(teamID, name) VALUES (48,'Sienna');
INSERT INTO Team(teamID, name) VALUES (49,'Kansas');
INSERT INTO Team(teamID, name) VALUES (50,'Oregon');
INSERT INTO Team(teamID, name) VALUES (51,'Miss St.');
INSERT INTO Team(teamID, name) VALUES (52,'Illinois');
INSERT INTO Team(teamID, name) VALUES (53,'Florida');
INSERT INTO Team(teamID, name) VALUES (54,'Texas');
INSERT INTO Team(teamID, name) VALUES (55,'Wake Forest');
INSERT INTO Team(teamID, name) VALUES (56,'Stanford');
INSERT INTO Team(teamID, name) VALUES (57,'W. Kentucky');
INSERT INTO Team(teamID, name) VALUES (58,'Pepperdine');
INSERT INTO Team(teamID, name) VALUES (59,'Boston College');
INSERT INTO Team(teamID, name) VALUES (60,'Creighton');
INSERT INTO Team(teamID, name) VALUES (61,'San Diego St.');
INSERT INTO Team(teamID, name) VALUES (62,'McNeese St.');
INSERT INTO Team(teamID, name) VALUES (63,'Montana');
INSERT INTO Team(teamID, name) VALUES (64,'Holy Cross');
INSERT INTO Team(teamID, name) VALUES (65,'Air Force');
INSERT INTO Team(teamID, name) VALUES (66,'Albany');
INSERT INTO Team(teamID, name) VALUES (67,'Arkansas');
INSERT INTO Team(teamID, name) VALUES (68,'Belmont');
INSERT INTO Team(teamID, name) VALUES (69,'Bradley');
INSERT INTO Team(teamID, name) VALUES (70,'Bucknell');
INSERT INTO Team(teamID, name) VALUES (71,'Connecticut');
INSERT INTO Team(teamID, name) VALUES (72,'George Mason');
INSERT INTO Team(teamID, name) VALUES (73,'George Washington');
INSERT INTO Team(teamID, name) VALUES (74,'Georgetown');
INSERT INTO Team(teamID, name) VALUES (75,'Iona');
INSERT INTO Team(teamID, name) VALUES (76,'Iowa');
INSERT INTO Team(teamID, name) VALUES (77,'LSU');
INSERT INTO Team(teamID, name) VALUES (78,'Memphis');
INSERT INTO Team(teamID, name) VALUES (79,'Monmouth');
INSERT INTO Team(teamID, name) VALUES (80,'Murray State');
INSERT INTO Team(teamID, name) VALUES (81,'N.C. Wilmington');
INSERT INTO Team(teamID, name) VALUES (82,'Nevada');
INSERT INTO Team(teamID, name) VALUES (83,'North Carolina');
INSERT INTO Team(teamID, name) VALUES (84,'Northern Iowa');
INSERT INTO Team(teamID, name) VALUES (85,'Northwestern State');
INSERT INTO Team(teamID, name) VALUES (86,'Oral Roberts');
INSERT INTO Team(teamID, name) VALUES (87,'Pacific');
INSERT INTO Team(teamID, name) VALUES (88,'Pennsylvania');
INSERT INTO Team(teamID, name) VALUES (89,'Seton Hall');
INSERT INTO Team(teamID, name) VALUES (90,'South Alabama');
INSERT INTO Team(teamID, name) VALUES (91,'Southern');
INSERT INTO Team(teamID, name) VALUES (92,'Southern Ill.');
INSERT INTO Team(teamID, name) VALUES (93,'Syracuse');
INSERT INTO Team(teamID, name) VALUES (94,'Tennessee');
INSERT INTO Team(teamID, name) VALUES (95,'Texas A&M');
INSERT INTO Team(teamID, name) VALUES (96,'UAB');
INSERT INTO Team(teamID, name) VALUES (97,'Utah State');
INSERT INTO Team(teamID, name) VALUES (98,'Villanova');
INSERT INTO Team(teamID, name) VALUES (99,'Washington');
INSERT INTO Team(teamID, name) VALUES (100,'West Virginia');
INSERT INTO Team(teamID, name) VALUES (101,'Wichita St.');

INSERT INTO Conference(conferenceID, name) Values (1, "Atlanta");
INSERT INTO Conference(conferenceID, name) Values (2, "Oakland");
INSERT INTO Conference(conferenceID, name) Values (3, "Washington, D.C.");
INSERT INTO Conference(conferenceID, name) Values (4, "Minneapolis");

INSERT INTO TournamentTeam(teamID, conference, seed) VALUES (1, 1, 1);
INSERT INTO TournamentTeam(teamID, conference, seed) VALUES (54, 1, 2);
INSERT INTO TournamentTeam(teamID, conference, seed) VALUES (76, 1, 3);
INSERT INTO TournamentTeam(teamID, conference, seed) VALUES (77, 1, 4);
INSERT INTO TournamentTeam(teamID, conference, seed) VALUES (93, 1, 5);
INSERT INTO TournamentTeam(teamID, conference, seed) VALUES (100, 1, 6);
INSERT INTO TournamentTeam(teamID, conference, seed) VALUES (6, 1, 7);
INSERT INTO TournamentTeam(teamID, conference, seed) VALUES (73, 1, 8);
INSERT INTO TournamentTeam(teamID, conference, seed) VALUES (81, 1, 9);
INSERT INTO TournamentTeam(teamID, conference, seed) VALUES (39, 1, 10);
INSERT INTO TournamentTeam(teamID, conference, seed) VALUES (92, 1, 11);
INSERT INTO TournamentTeam(teamID, conference, seed) VALUES (95, 1, 12);
INSERT INTO TournamentTeam(teamID, conference, seed) VALUES (75, 1, 13);
INSERT INTO TournamentTeam(teamID, conference, seed) VALUES (85, 1, 14);
INSERT INTO TournamentTeam(teamID, conference, seed) VALUES (88, 1, 15);
INSERT INTO TournamentTeam(teamID, conference, seed) VALUES (91, 1, 16);
INSERT INTO TournamentTeam(teamID, conference, seed) VALUES (78, 2, 1);
INSERT INTO TournamentTeam(teamID, conference, seed) VALUES (24, 2, 2);
INSERT INTO TournamentTeam(teamID, conference, seed) VALUES (22, 2, 3);
INSERT INTO TournamentTeam(teamID, conference, seed) VALUES (49, 2, 4);
INSERT INTO TournamentTeam(teamID, conference, seed) VALUES (3, 2, 5);
INSERT INTO TournamentTeam(teamID, conference, seed) VALUES (5, 2, 6);
INSERT INTO TournamentTeam(teamID, conference, seed) VALUES (37, 2, 7);
INSERT INTO TournamentTeam(teamID, conference, seed) VALUES (67, 2, 8);
INSERT INTO TournamentTeam(teamID, conference, seed) VALUES (70, 2, 9);
INSERT INTO TournamentTeam(teamID, conference, seed) VALUES (2, 2, 10);
INSERT INTO TournamentTeam(teamID, conference, seed) VALUES (61, 2, 11);
INSERT INTO TournamentTeam(teamID, conference, seed) VALUES (10, 2, 12);
INSERT INTO TournamentTeam(teamID, conference, seed) VALUES (69, 2, 13);
INSERT INTO TournamentTeam(teamID, conference, seed) VALUES (23, 2, 14);
INSERT INTO TournamentTeam(teamID, conference, seed) VALUES (68, 2, 15);
INSERT INTO TournamentTeam(teamID, conference, seed) VALUES (86, 2, 16);
INSERT INTO TournamentTeam(teamID, conference, seed) VALUES (71, 3, 1);
INSERT INTO TournamentTeam(teamID, conference, seed) VALUES (94, 3, 2);
INSERT INTO TournamentTeam(teamID, conference, seed) VALUES (83, 3, 3);
INSERT INTO TournamentTeam(teamID, conference, seed) VALUES (52, 3, 4);
INSERT INTO TournamentTeam(teamID, conference, seed) VALUES (99, 3, 5);
INSERT INTO TournamentTeam(teamID, conference, seed) VALUES (42, 3, 6);
INSERT INTO TournamentTeam(teamID, conference, seed) VALUES (101, 3, 7);
INSERT INTO TournamentTeam(teamID, conference, seed) VALUES (36, 3, 8);
INSERT INTO TournamentTeam(teamID, conference, seed) VALUES (96, 3, 9);
INSERT INTO TournamentTeam(teamID, conference, seed) VALUES (89, 3, 10);
INSERT INTO TournamentTeam(teamID, conference, seed) VALUES (72, 3, 11);
INSERT INTO TournamentTeam(teamID, conference, seed) VALUES (97, 3, 12);
INSERT INTO TournamentTeam(teamID, conference, seed) VALUES (65, 3, 13);
INSERT INTO TournamentTeam(teamID, conference, seed) VALUES (80, 3, 14);
INSERT INTO TournamentTeam(teamID, conference, seed) VALUES (16, 3, 15);
INSERT INTO TournamentTeam(teamID, conference, seed) VALUES (66, 3, 16);
INSERT INTO TournamentTeam(teamID, conference, seed) VALUES (98, 4, 1);
INSERT INTO TournamentTeam(teamID, conference, seed) VALUES (20, 4, 2);
INSERT INTO TournamentTeam(teamID, conference, seed) VALUES (53, 4, 3);
INSERT INTO TournamentTeam(teamID, conference, seed) VALUES (59, 4, 4);
INSERT INTO TournamentTeam(teamID, conference, seed) VALUES (82, 4, 5);
INSERT INTO TournamentTeam(teamID, conference, seed) VALUES (18, 4, 6);
INSERT INTO TournamentTeam(teamID, conference, seed) VALUES (74, 4, 7);
INSERT INTO TournamentTeam(teamID, conference, seed) VALUES (19, 4, 8);
INSERT INTO TournamentTeam(teamID, conference, seed) VALUES (40, 4, 9);
INSERT INTO TournamentTeam(teamID, conference, seed) VALUES (84, 4, 10);
INSERT INTO TournamentTeam(teamID, conference, seed) VALUES (46, 4, 11);
INSERT INTO TournamentTeam(teamID, conference, seed) VALUES (63, 4, 12);
INSERT INTO TournamentTeam(teamID, conference, seed) VALUES (87, 4, 13);
INSERT INTO TournamentTeam(teamID, conference, seed) VALUES (90, 4, 14);
INSERT INTO TournamentTeam(teamID, conference, seed) VALUES (29, 4, 15);
INSERT INTO TournamentTeam(teamID, conference, seed) VALUES (79, 4, 16);

INSERT INTO Attribute(attributeID, name) VALUES (1, 'Defense');
-- INSERT INTO TeamAttribute(attributeID, teamID, value) VALUES (1,1,100);
-- INSERT INTO TeamAttribute(attributeID, teamID, value) VALUES (1,16,40);